,precision,recall,f1-score,support
Acanthiza chrysorrhoa,0.0,0.0,0.0,1.0
Acanthiza lineata,0.0,0.0,0.0,1.0
Acanthiza nana,0.0,0.0,0.0,1.0
Acanthiza pusilla,0.0,0.0,0.0,1.0
Acanthiza reguloides,0.0,0.0,0.0,1.0
Acanthiza uropygialis,0.0,0.0,0.0,1.0
Acanthorhynchus tenuirostris,0.0,0.0,0.0,1.0
Accipiter cirrocephalus,0.0,0.0,0.0,1.0
Aidemosyne modesta,0.0,0.0,0.0,1.0
Alauda arvensis,0.0,0.0,0.0,1.0
Anhinga novaehollandiae,0.0,0.0,0.0,1.0
Anthochaera phrygia,0.0,0.0,0.0,1.0
Antigone rubicunda,0.0,0.0,0.0,1.0
Artamus cinereus,0.0,0.0,0.0,1.0
Artamus cyanopterus,0.0,0.0,0.0,1.0
Artamus minor,0.0,0.0,0.0,1.0
Artamus superciliosus,0.0,0.0,0.0,1.0
Barnardius zonarius,0.0,0.0,0.0,1.0
Callocephalon fimbriatum,0.0,0.0,0.0,1.0
Calyptorhynchus banksii,0.0,0.0,0.0,1.0
Calyptorhynchus lathami,0.0,0.0,0.0,1.0
Capra Hircus,0.0,0.0,0.0,1.0
Carduelis carduelis,0.0,0.0,0.0,1.0
Carterornis leucotis,0.0,0.0,0.0,1.0
Cervus Unicolour,0.0,0.0,0.0,1.0
Ceyx azureus,0.0,0.0,0.0,1.0
Chenonetta jubata,0.0,0.0,0.0,1.0
Chlamydera nuchalis,0.0,0.0,0.0,1.0
Cincloramphus mathewsi,0.0,0.0,0.0,1.0
Cinclosoma punctatum,0.0,0.0,0.0,1.0
Cisticola exilis,0.0,0.0,0.0,1.0
Climacteris picumnus,0.0,0.0,0.0,1.0
Colluricincla harmonica,0.0,0.0,0.0,1.0
Conopophila albogularis,0.0,0.0,0.0,1.0
Cophixalus exiguus,0.0,0.0,0.0,1.0
Cophixalus infacetus,0.0,0.0,0.0,1.0
Cophixalus ornatus,0.1,1.0,0.18181818181818182,1.0
Coracina novaehollandiae,0.0,0.0,0.0,1.0
Coracina papuensis,0.0,0.0,0.0,1.0
Corcorax melanorhamphos,0.0,0.0,0.0,1.0
Cormobates leucophaea,0.0,0.0,0.0,1.0
Corvus mellori,0.0,0.0,0.0,1.0
Coturnix pectoralis,0.0,0.0,0.0,1.0
Cygnus atratus,0.0,0.0,0.0,1.0
Dama Dama,0.0,0.0,0.0,1.0
Daphoenositta chrysoptera,0.0,0.0,0.0,1.0
Dasyurus maculatus,0.0,0.0,0.0,1.0
Dicaeum hirundinaceum,0.0,0.0,0.0,1.0
Egretta novaehollandiae,0.0,0.0,0.0,1.0
Elseyornis melanops,0.0,0.0,0.0,1.0
Entomyzon cyanotis,0.0,0.0,0.0,1.0
Eurostopodus argus,0.0,0.0,0.0,1.0
Eurostopodus mystacalis,0.0,0.0,0.0,1.0
Eurystomus orientalis,0.0,0.0,0.0,1.0
Falco berigora,0.0,0.0,0.0,1.0
Falco cenchroides,0.0,0.0,0.0,1.0
Falco peregrinus,0.0,0.0,0.0,1.0
Falcunculus frontatus,0.0,0.0,0.0,1.0
Felis Catus,0.0,0.0,0.0,1.0
Fulica atra,0.0,0.0,0.0,1.0
Gallinula tenebrosa,0.0,0.0,0.0,1.0
Geopelia cuneata,0.0,0.0,0.0,1.0
Gerygone mouki,0.0,0.0,0.0,1.0
Haliastur sphenurus,0.0,0.0,0.0,1.0
Irediparra gallinacea,0.0,0.0,0.0,1.0
Lalage leucomela,0.0,0.0,0.0,1.0
Litoria inermis,0.0,0.0,0.0,1.0
Manorina melanophrys,0.0,0.0,0.0,1.0
Megapodius reinwardt,0.0,0.0,0.0,1.0
Melithreptus brevirostris,0.0,0.0,0.0,1.0
Melithreptus gularis,0.0,0.0,0.0,1.0
Melithreptus lunatus,0.0,0.0,0.0,1.0
Microeca flavigaster,0.0,0.0,0.0,1.0
Neophema pulchella,0.0,0.0,0.0,1.0
Nesoptilotis leucotis,0.0,0.0,0.0,1.0
Pachycephala simplex,0.0,0.0,0.0,1.0
Pardalotus rubricatus,0.0,0.0,0.0,1.0
Parvipsitta pusilla,0.012345679012345678,1.0,0.024390243902439025,1.0
Pelecanus conspicillatus,0.0,0.0,0.0,1.0
Petrochelidon ariel,0.0,0.0,0.0,1.0
Petrochelidon nigricans,0.0,0.0,0.0,1.0
Petroica boodang,0.0,0.0,0.0,1.0
Petroica goodenovii,0.0,0.0,0.0,1.0
Petroica phoenicea,0.0,0.0,0.0,1.0
Petroica rosea,1.0,1.0,1.0,1.0
Pezoporus wallicus,0.0,0.0,0.0,1.0
Phaps elegans,0.0,0.0,0.0,1.0
Philemon citreogularis,0.0,0.0,0.0,1.0
Philemon corniculatus,0.0,0.0,0.0,1.0
Phylidonyris niger,0.0,0.0,0.0,1.0
Pitta iris,0.0,0.0,0.0,1.0
Pitta versicolor,0.0,0.0,0.0,1.0
Platycercus elegans,0.0,0.0,0.0,1.0
Plectorhyncha lanceolata,0.0,0.0,0.0,1.0
Psophodes cristatus,0.0,0.0,0.0,1.0
Ptilinopus regina,0.0,0.0,0.0,1.0
Pycnoptilus floccosus,0.0,0.0,0.0,1.0
Ramsayornis fasciatus,0.0,0.0,0.0,1.0
Ranoidea caerulea,0.0,0.0,0.0,1.0
Rattus Norvegicus,0.0,0.0,0.0,1.0
Rhinella marina,0.0,0.0,0.0,1.0
Rhipidura albiscapa,0.0,0.0,0.0,1.0
Rhipidura leucophrys,0.0,0.0,0.0,1.0
Rhipidura rufifrons,0.0,0.0,0.0,2.0
Rhipidura rufiventris,0.0,0.0,0.0,1.0
Scythrops novaehollandiae,0.0,0.0,0.0,1.0
Spilopelia chinensis,0.0,0.0,0.0,1.0
Stizoptera bichenovii,0.0,0.0,0.0,1.0
Stomiopera unicolor,0.0,0.0,0.0,1.0
Strepera versicolor,0.0,0.0,0.0,1.0
Sus Scrofa,0.0,0.0,0.0,1.0
Symposiachrus trivirgatus,0.0,0.0,0.0,1.0
Tregellasia capito,0.0,0.0,0.0,1.0
Trichosurus vulpecula,0.0,0.0,0.0,1.0
Uperoleia altissima,0.0,0.0,0.0,1.0
Uperoleia mimula,0.0,0.0,0.0,1.0
Vanellus miles,0.0,0.0,0.0,1.0
Vulpes vulpes,0.0,0.0,0.0,1.0
accuracy,0.025210084033613446,0.025210084033613446,0.025210084033613446,0.025210084033613446
macro avg,0.009426658296714794,0.025423728813559324,0.010222105302717126,119.0
weighted avg,0.009347442680776015,0.025210084033613446,0.010136205258156478,119.0
